{
  "nodes": [
    {
      "id": 0,
      "label": "0",
      "point": {
        "position": {
          "x": 0.12803611159324647,
          "y": 1.7248141765594483,
          "z": 2.9968011379241945
        },
        "rotation": {
          "x": 358.99127197265627,
          "y": 2.446431875228882,
          "z": 1.66778513221999e-9
        }
      },
      "vpoint": {
        "velocity": {
          "x": 0.0,
          "y": 0.0,
          "z": 0.0
        },
        "angularVelocity": {
          "x": 0.0,
          "y": 0.0,
          "z": 0.0
        }
      },
      "apoint": {
        "acceleration": {
          "x": 0.0,
          "y": 0.0,
          "z": 0.0
        },
        "angularAcceleration": {
          "x": 0.0,
          "y": 0.0,
          "z": 0.0
        }
      },
      "classId": 1
    },
    {
      "id": 1,
      "label": "1",
      "point": {
        "position": {
          "x": -3.465216636657715,
          "y": 2.2313718795776369,
          "z": -0.5075209140777588
        },
        "rotation": {
          "x": 349.25390625,
          "y": 76.81565856933594,
          "z": 0.0
        }
      },
      "vpoint": {
        "velocity": {
          "x": 0.0,
          "y": 0.0,
          "z": 0.0
        },
        "angularVelocity": {
          "x": 0.0,
          "y": 0.0,
          "z": 0.0
        }
      },
      "apoint": {
        "acceleration": {
          "x": 0.0,
          "y": 0.0,
          "z": 0.0
        },
        "angularAcceleration": {
          "x": 0.0,
          "y": 0.0,
          "z": 0.0
        }
      },
      "classId": 2
    },
    {
      "id": 2,
      "label": "2",
      "point": {
        "position": {
          "x": -5.697204113006592,
          "y": 1.7890243530273438,
          "z": 3.3582191467285158
        },
        "rotation": {
          "x": 357.7644348144531,
          "y": 121.30856323242188,
          "z": 1.068029789053071e-7
        }
      },
      "vpoint": {
        "velocity": {
          "x": 0.0,
          "y": 0.0,
          "z": 0.0
        },
        "angularVelocity": {
          "x": 0.0,
          "y": 0.0,
          "z": 0.0
        }
      },
      "apoint": {
        "acceleration": {
          "x": 0.0,
          "y": 0.0,
          "z": 0.0
        },
        "angularAcceleration": {
          "x": 0.0,
          "y": 0.0,
          "z": 0.0
        }
      }
    }
  ],
  "edges": [
    {
      "id": 0,
      "label": "1-1",
      "from": 1,
      "to": 1,
      "weight": 0
    },
    {
      "id": 0,
      "label": "0-0",
      "from": 0,
      "to": 0,
      "weight": 0
    }
  ],
  "classes": [
    {
      "id": 1,
      "name": "cat1",
      "texturePath": ".\\data\\textures\\cat.jpg",
      "shape": "Cube"
    },
    {
      "id": 2,
      "name": "cat2",
      "texturePath": ".\\data\\textures\\cat2.jpg",
      "shape": "Capsule",
      "scale": 3
    }
  ]
}
